korean,sejong_level,unit,page,source,source_pdf_page,source_term,base_validation,extra_validation,notes
음식,1B,1,6,vocabulary_book,8,음식,confirmed_base_unit_visual,,already introduced in Sejong 1A
김치찌개,1B,1,6,vocabulary_book,8,김치찌개,confirmed_base_unit_visual,,
된장찌개,1B,1,6,vocabulary_book,8,된장찌개,confirmed_base_unit_visual,,
냉면,1B,1,6,vocabulary_book,8,냉면,confirmed_base_unit_visual,,
볶음밥,1B,1,6,vocabulary_book,8,볶음밥,confirmed_base_unit_visual,,
잡채,1B,1,6,vocabulary_book,8,잡채,confirmed_base_unit_visual,,
떡볶이,1B,1,6,vocabulary_book,8,떡볶이,confirmed_base_unit_visual,,already introduced in Sejong 1A
주문하다,1B,1,6,vocabulary_book,8,주문하다,confirmed_base_unit_visual,,
선물,1B,1,6,vocabulary_book,8,선물,confirmed_base_unit_visual,,
받다,1B,1,6,vocabulary_book,8,받다,confirmed_base_unit_visual,,
가장,1B,1,6,vocabulary_book,8,가장,confirmed_base_unit_visual,,
동물,1B,1,6,vocabulary_book,8,동물,confirmed_base_unit_visual,,
테니스,1B,1,6,vocabulary_book,8,테니스,confirmed_base_unit_visual,,
미안하다,1B,1,6,vocabulary_book,8,미안하다,confirmed_base_unit_visual,,
혼자,1B,1,6,vocabulary_book,8,혼자,confirmed_base_unit_visual,,
치다,1B,1,6,vocabulary_book,8,치다,confirmed_base_unit_visual,,
운전,1B,1,7,vocabulary_book,9,운전,confirmed_base_unit_visual,,
고기,1B,1,7,vocabulary_book,9,고기,confirmed_base_unit_visual,,
햄버거,1B,1,7,vocabulary_book,9,햄버거,confirmed_base_unit_visual,,
생선,1B,1,7,vocabulary_book,9,생선,confirmed_base_unit_visual,,
초밥,1B,1,7,vocabulary_book,9,초밥,confirmed_base_unit_visual,,
내,1B,1,7,vocabulary_book,9,내,confirmed_base_unit_visual,,
것,1B,1,7,vocabulary_book,9,것,confirmed_base_unit_visual,,
일주일,1B,1,7,vocabulary_book,9,일주일,confirmed_base_unit_visual,,
조금,1B,1,7,vocabulary_book,9,조금,confirmed_base_unit_visual,,
하지만,1B,1,7,vocabulary_book,9,하지만,confirmed_base_unit_visual,,
왜,1B,1,7,vocabulary_book,9,왜,confirmed_base_unit_visual,,
맛,1B,1,7,vocabulary_book,9,맛,confirmed_base_unit_visual,,
얼마나,1B,1,7,vocabulary_book,9,얼마나,confirmed_base_unit_visual,,
취미,1B,2,8,vocabulary_book,10,취미,confirmed_base_unit_visual,,
그림,1B,2,8,vocabulary_book,10,그림,confirmed_base_unit_visual,,already introduced in Sejong 1A
그리다,1B,2,8,vocabulary_book,10,그리다,confirmed_base_unit_visual,,
노래,1B,2,8,vocabulary_book,10,노래,confirmed_base_unit_visual,,already introduced in Sejong 1A
기타,1B,2,8,vocabulary_book,10,기타,confirmed_base_unit_visual,,
신문,1B,2,8,vocabulary_book,10,신문,confirmed_base_unit_visual,,
빌리다,1B,2,8,vocabulary_book,10,빌리다,confirmed_base_unit_visual,,
헬스클럽,1B,2,8,vocabulary_book,10,헬스클럽,confirmed_base_unit_visual,,
은행,1B,2,8,vocabulary_book,10,은행,confirmed_base_unit_visual,,already introduced in Sejong 1A
돈을 찾다,1B,2,8,vocabulary_book,10,돈을 찾다,confirmed_base_unit_visual,,
사무실,1B,2,8,vocabulary_book,10,사무실,confirmed_base_unit_visual,,
옷장,1B,2,8,vocabulary_book,10,옷장,confirmed_base_unit_visual,,
보통,1B,2,8,vocabulary_book,10,보통,confirmed_base_unit_visual,,
독서,1B,2,8,vocabulary_book,10,독서,confirmed_base_unit_visual,,
그래서,1B,2,8,vocabulary_book,10,그래서,confirmed_base_unit_visual,,
특히,1B,2,8,vocabulary_book,10,특히,confirmed_base_unit_visual,,
년,1B,2,8,vocabulary_book,10,년,confirmed_base_unit_visual,,
전,1B,2,8,vocabulary_book,10,전,confirmed_base_unit_visual,,
근처,1B,2,8,vocabulary_book,10,근처,confirmed_base_unit_visual,,
옷차림,1B,3,9,vocabulary_book,11,옷차림,confirmed_base_unit_visual,,
티셔츠,1B,3,9,vocabulary_book,11,티셔츠,confirmed_base_unit_visual,,
청바지,1B,3,9,vocabulary_book,11,청바지,confirmed_base_unit_visual,,
치마,1B,3,9,vocabulary_book,11,치마,confirmed_base_unit_visual,,
정장,1B,3,9,vocabulary_book,11,정장,confirmed_base_unit_visual,,
운동복,1B,3,9,vocabulary_book,11,운동복,confirmed_base_unit_visual,,
매다,1B,3,9,vocabulary_book,11,매다,confirmed_base_unit_visual,,
입다,1B,3,9,vocabulary_book,11,입다,confirmed_base_unit_visual,,
쓰다,1B,3,9,vocabulary_book,11,쓰다,confirmed_base_unit_visual,,already introduced in Sejong 1A
신다,1B,3,9,vocabulary_book,11,신다,confirmed_base_unit_visual,,
바지,1B,3,9,vocabulary_book,11,바지,confirmed_base_unit_visual,,
기차역,1B,3,9,vocabulary_book,11,기차역,confirmed_base_unit_visual,,
결혼식,1B,3,9,vocabulary_book,11,결혼식,confirmed_base_unit_visual,,
아직,1B,3,9,vocabulary_book,11,아직,confirmed_base_unit_visual,,
이따가,1B,3,9,vocabulary_book,11,이따가,confirmed_base_unit_visual,,
계획,1B,3,9,vocabulary_book,11,계획,confirmed_base_unit_visual,,
이유,1B,3,9,vocabulary_book,11,이유,confirmed_base_unit_visual,,
떡,1B,3,9,vocabulary_book,11,떡,confirmed_base_unit_visual,,
채소,1B,3,9,vocabulary_book,11,채소,confirmed_base_unit_visual,,
너무,1B,3,9,vocabulary_book,11,너무,confirmed_base_unit_visual,,
인터넷,1B,3,9,vocabulary_book,11,인터넷,confirmed_base_unit_visual,,
싸다,1B,3,9,vocabulary_book,11,싸다,confirmed_base_unit_visual,,
크다,1B,4,10,vocabulary_book,12,크다,confirmed_base_unit_visual,,
작다,1B,4,10,vocabulary_book,12,작다,confirmed_base_unit_visual,,
넓다,1B,4,10,vocabulary_book,12,넓다,confirmed_base_unit_visual,,
좁다,1B,4,10,vocabulary_book,12,좁다,confirmed_base_unit_visual,,
높다,1B,4,10,vocabulary_book,12,높다,confirmed_base_unit_visual,,
낮다,1B,4,10,vocabulary_book,12,낮다,confirmed_base_unit_visual,,
길다,1B,4,10,vocabulary_book,12,길다,confirmed_base_unit_visual,,
짧다,1B,4,10,vocabulary_book,12,짧다,confirmed_base_unit_visual,,
비싸다,1B,4,10,vocabulary_book,12,비싸다,confirmed_base_unit_visual,,
싸다,1B,4,10,vocabulary_book,12,싸다,confirmed_base_unit_visual,,
편하다,1B,4,10,vocabulary_book,12,편하다,confirmed_base_unit_visual,,
불편하다,1B,4,10,vocabulary_book,12,불편하다,confirmed_base_unit_visual,,
수박,1B,4,10,vocabulary_book,12,수박,confirmed_base_unit_visual,,
머리,1B,4,10,vocabulary_book,12,머리,confirmed_base_unit_visual,,
찾다,1B,4,10,vocabulary_book,12,찾다,confirmed_base_unit_visual,,
귀엽다,1B,4,10,vocabulary_book,12,귀엽다,confirmed_base_unit_visual,,
잠,1B,4,10,vocabulary_book,12,잠,confirmed_base_unit_visual,,already introduced in Sejong 1A
꿈,1B,4,10,vocabulary_book,12,꿈,confirmed_base_unit_visual,,
점원,1B,4,10,vocabulary_book,12,점원,confirmed_base_unit_visual,,
손님,1B,4,10,vocabulary_book,12,손님,confirmed_base_unit_visual,,already introduced in Sejong 1A
사이즈,1B,4,11,vocabulary_book,13,사이즈,confirmed_base_unit_visual,,
죄송하다,1B,4,11,vocabulary_book,13,죄송하다,confirmed_base_unit_visual,,
잠시,1B,4,11,vocabulary_book,13,잠시,confirmed_base_unit_visual,,
기다리다,1B,4,11,vocabulary_book,13,기다리다,confirmed_base_unit_visual,,
보이다,1B,4,11,vocabulary_book,13,보이다,confirmed_base_unit_visual,,
가격,1B,4,11,vocabulary_book,13,가격,confirmed_base_unit_visual,,
방향,1B,5,12,vocabulary_book,14,방향,confirmed_base_unit_visual,,
이동,1B,5,12,vocabulary_book,14,이동,confirmed_base_unit_visual,,
올라가다,1B,5,12,vocabulary_book,14,올라가다,confirmed_base_unit_visual,,
내려가다,1B,5,12,vocabulary_book,14,내려가다,confirmed_base_unit_visual,,
나가다,1B,5,12,vocabulary_book,14,나가다,confirmed_base_unit_visual,,
들어가다,1B,5,12,vocabulary_book,14,들어가다,confirmed_base_unit_visual,,
똑바로,1B,5,12,vocabulary_book,14,똑바로,confirmed_base_unit_visual,,
돌아가다,1B,5,12,vocabulary_book,14,돌아가다,confirmed_base_unit_visual,,
건너가다,1B,5,12,vocabulary_book,14,건너가다,confirmed_base_unit_visual,,
주차장,1B,5,12,vocabulary_book,14,주차장,confirmed_base_unit_visual,,
건물,1B,5,12,vocabulary_book,14,건물,confirmed_base_unit_visual,,
화장실,1B,5,12,vocabulary_book,14,화장실,confirmed_base_unit_visual,,
무섭다,1B,5,12,vocabulary_book,14,무섭다,confirmed_base_unit_visual,,
스페인어,1B,5,12,vocabulary_book,14,스페인어,confirmed_base_unit_visual,,
걸리다,1B,5,12,vocabulary_book,14,걸리다,confirmed_base_unit_visual,,
쯤,1B,5,12,vocabulary_book,14,쯤,confirmed_base_unit_visual,,
테니스장,1B,5,12,vocabulary_book,14,테니스장,confirmed_base_unit_visual,,
저쪽,1B,5,12,vocabulary_book,14,저쪽,confirmed_base_unit_visual,,
시청,1B,5,12,vocabulary_book,14,시청,confirmed_base_unit_visual,,
시장,1B,5,12,vocabulary_book,14,시장,confirmed_base_unit_visual,,
엘리베이터,1B,5,12,vocabulary_book,14,엘리베이터,confirmed_base_unit_visual,,
병원,1B,5,13,vocabulary_book,15,병원,confirmed_base_unit_visual,,already introduced in Sejong 1A
알다,1B,5,13,vocabulary_book,15,알다,confirmed_base_unit_visual,,
그러면,1B,5,13,vocabulary_book,15,그러면,confirmed_base_unit_visual,,
빵집,1B,5,13,vocabulary_book,15,빵집,confirmed_base_unit_visual,,
길,1B,5,13,vocabulary_book,15,길,confirmed_base_unit_visual,,
약국,1B,5,13,vocabulary_book,15,약국,confirmed_base_unit_visual,,
지도,1B,5,13,vocabulary_book,15,지도,confirmed_base_unit_visual,,
교통수단,1B,6,14,vocabulary_book,16,교통수단,confirmed_base_unit_visual,,
우체국,1B,6,14,vocabulary_book,16,우체국,confirmed_base_unit_visual,,
오토바이,1B,6,14,vocabulary_book,16,오토바이,confirmed_base_unit_visual,,
택시,1B,6,14,vocabulary_book,16,택시,confirmed_base_unit_visual,,already introduced in Sejong 1A
기차,1B,6,14,vocabulary_book,16,기차,confirmed_base_unit_visual,,already introduced in Sejong 1A
지하철,1B,6,14,vocabulary_book,16,지하철,confirmed_base_unit_visual,,
배,1B,6,14,vocabulary_book,16,배,confirmed_base_unit_visual,,
비행기,1B,6,14,vocabulary_book,16,비행기,confirmed_base_unit_visual,,
갈아타다,1B,6,14,vocabulary_book,16,갈아타다,confirmed_base_unit_visual,,
내리다,1B,6,14,vocabulary_book,16,내리다,confirmed_base_unit_visual,,
가깝다,1B,6,14,vocabulary_book,16,가깝다,confirmed_base_unit_visual,,
멀다,1B,6,14,vocabulary_book,16,멀다,confirmed_base_unit_visual,,
정류장,1B,6,14,vocabulary_book,16,정류장,confirmed_base_unit_visual,,
호텔,1B,6,14,vocabulary_book,16,호텔,confirmed_base_unit_visual,,
공항,1B,6,14,vocabulary_book,16,공항,confirmed_base_unit_visual,,already introduced in Sejong 1A
차,1B,6,14,vocabulary_book,16,차,confirmed_base_unit_visual,,already introduced in Sejong 1A
간식,1B,6,14,vocabulary_book,16,간식,confirmed_base_unit_visual,,
배가 고프다,1B,6,14,vocabulary_book,16,배가 고프다,confirmed_base_unit_visual,,
싫어하다,1B,6,14,vocabulary_book,16,싫어하다,confirmed_base_unit_visual,,
늦다,1B,6,14,vocabulary_book,16,늦다,confirmed_base_unit_visual,,
미술관,1B,6,14,vocabulary_book,16,미술관,confirmed_base_unit_visual,,
산,1B,7,15,vocabulary_book,17,산,confirmed_base_unit_visual,,
섬,1B,7,15,vocabulary_book,17,섬,confirmed_base_unit_visual,,
도시,1B,7,15,vocabulary_book,17,도시,confirmed_base_unit_visual,,already introduced in Sejong 1A
호수,1B,7,15,vocabulary_book,17,호수,confirmed_base_unit_visual,,
돈,1B,7,15,vocabulary_book,17,돈,confirmed_base_unit_visual,,
약,1B,7,15,vocabulary_book,17,약,confirmed_base_unit_visual,,
여권,1B,7,15,vocabulary_book,17,여권,confirmed_base_unit_visual,,
수영복,1B,7,15,vocabulary_book,17,수영복,confirmed_base_unit_visual,,
구경,1B,7,15,vocabulary_book,17,구경,confirmed_base_unit_visual,,
맛집,1B,7,15,vocabulary_book,17,맛집,confirmed_base_unit_visual,,
경주,1B,7,15,vocabulary_book,17,경주,confirmed_base_unit_visual,,
닭갈비,1B,7,15,vocabulary_book,17,닭갈비,confirmed_base_unit_visual,,
휴가,1B,7,15,vocabulary_book,17,휴가,confirmed_base_unit_visual,,already introduced in Sejong 1A
자르다,1B,7,15,vocabulary_book,17,자르다,confirmed_base_unit_visual,,
불국사,1B,7,15,vocabulary_book,17,불국사,confirmed_base_unit_visual,,
설악산,1B,7,15,vocabulary_book,17,설악산,confirmed_base_unit_visual,,
밤,1B,7,15,vocabulary_book,17,밤,confirmed_base_unit_visual,,
등산화,1B,7,15,vocabulary_book,17,등산화,confirmed_base_unit_visual,,
선글라스,1B,7,15,vocabulary_book,17,선글라스,confirmed_base_unit_visual,,
빨리,1B,7,16,vocabulary_book,18,빨리,confirmed_base_unit_visual,,
준비하다,1B,7,16,vocabulary_book,18,준비하다,confirmed_base_unit_visual,,already introduced in Sejong 1A
경험,1B,8,17,vocabulary_book,19,경험,confirmed_base_unit_visual,,
거리,1B,8,17,vocabulary_book,19,거리,confirmed_base_unit_visual,,
축제,1B,8,17,vocabulary_book,19,축제,confirmed_base_unit_visual,,
전통 시장,1B,8,17,vocabulary_book,19,전통 시장,confirmed_base_unit_visual,,
새롭다,1B,8,17,vocabulary_book,19,새롭다,confirmed_base_unit_visual,,
공연,1B,8,17,vocabulary_book,19,공연,confirmed_base_unit_visual,,
삼계탕,1B,8,17,vocabulary_book,19,삼계탕,confirmed_base_unit_visual,,
명동,1B,8,17,vocabulary_book,19,명동,confirmed_base_unit_visual,,
인사동,1B,8,17,vocabulary_book,19,인사동,confirmed_base_unit_visual,,
멋있다,1B,8,17,vocabulary_book,19,멋있다,confirmed_base_unit_visual,,
끝나다,1B,8,17,vocabulary_book,19,끝나다,confirmed_base_unit_visual,,already introduced in Sejong 1A
이,1B,8,17,vocabulary_book,19,이,confirmed_base_unit_visual,,already introduced in Sejong 1A
닦다,1B,8,17,vocabulary_book,19,닦다,confirmed_base_unit_visual,,
설거지,1B,8,17,vocabulary_book,19,설거지,confirmed_base_unit_visual,,
샤워하다,1B,8,17,vocabulary_book,19,샤워하다,confirmed_base_unit_visual,,
더,1B,8,17,vocabulary_book,19,더,confirmed_base_unit_visual,,
귤,1B,8,17,vocabulary_book,19,귤,confirmed_base_unit_visual,,
다녀오다,1B,8,17,vocabulary_book,19,다녀오다,confirmed_base_unit_visual,,
지난번,1B,8,17,vocabulary_book,19,지난번,confirmed_base_unit_visual,,
괜찮다,1B,8,17,vocabulary_book,19,괜찮다,confirmed_base_unit_visual,,
바닷가,1B,8,18,vocabulary_book,20,바닷가,confirmed_base_unit_visual,,
푹,1B,8,18,vocabulary_book,20,푹,confirmed_base_unit_visual,,
유명하다,1B,8,18,vocabulary_book,20,유명하다,confirmed_base_unit_visual,,
끝,1B,8,18,vocabulary_book,20,끝,confirmed_base_unit_visual,,
작년,1B,8,18,vocabulary_book,20,작년,confirmed_base_unit_visual,,
먼저,1B,8,18,vocabulary_book,20,먼저,confirmed_base_unit_visual,,
경복궁,1B,8,18,vocabulary_book,20,경복궁,confirmed_base_unit_visual,,
외국 사람,1B,8,18,vocabulary_book,20,외국 사람,confirmed_base_unit_visual,,
다음,1B,8,18,vocabulary_book,20,다음,confirmed_base_unit_visual,,already introduced in Sejong 1A
날,1B,8,18,vocabulary_book,20,날,confirmed_base_unit_visual,,
참,1B,8,18,vocabulary_book,20,참,confirmed_base_unit_visual,,
다시,1B,8,18,vocabulary_book,20,다시,confirmed_base_unit_visual,,
신체,1B,9,19,vocabulary_book,21,신체,confirmed_base_unit_visual,,
증상,1B,9,19,vocabulary_book,21,증상,confirmed_base_unit_visual,,
눈,1B,9,19,vocabulary_book,21,눈,confirmed_base_unit_visual,,already introduced in Sejong 1A
귀,1B,9,19,vocabulary_book,21,귀,confirmed_base_unit_visual,,
코,1B,9,19,vocabulary_book,21,코,confirmed_base_unit_visual,,
입,1B,9,19,vocabulary_book,21,입,confirmed_base_unit_visual,,
목,1B,9,19,vocabulary_book,21,목,confirmed_base_unit_visual,,
배,1B,9,19,vocabulary_book,21,배,confirmed_base_unit_visual,,
손,1B,9,19,vocabulary_book,21,손,confirmed_base_unit_visual,,
다리,1B,9,19,vocabulary_book,21,다리,confirmed_base_unit_visual,,
발,1B,9,19,vocabulary_book,21,발,confirmed_base_unit_visual,,
감기,1B,9,19,vocabulary_book,21,감기,confirmed_base_unit_visual,,
걸리다,1B,9,19,vocabulary_book,21,걸리다,confirmed_base_unit_visual,,
아프다,1B,9,19,vocabulary_book,21,아프다,confirmed_base_unit_visual,,
열이 나다,1B,9,19,vocabulary_book,21,열이 나다,confirmed_base_unit_visual,,
콧물,1B,9,19,vocabulary_book,21,콧물,confirmed_base_unit_visual,,
기침,1B,9,19,vocabulary_book,21,기침,confirmed_base_unit_visual,,
몸,1B,9,19,vocabulary_book,21,몸,confirmed_base_unit_visual,,
새,1B,9,19,vocabulary_book,21,새,confirmed_base_unit_visual,,
복잡하다,1B,9,19,vocabulary_book,21,복잡하다,confirmed_base_unit_visual,,
아까,1B,9,20,vocabulary_book,22,아까,confirmed_base_unit_visual,,
힘들다,1B,9,20,vocabulary_book,22,힘들다,confirmed_base_unit_visual,,
숙제,1B,9,20,vocabulary_book,22,숙제,confirmed_base_unit_visual,,
단어,1B,9,20,vocabulary_book,22,단어,confirmed_base_unit_visual,,
외우다,1B,9,20,vocabulary_book,22,외우다,confirmed_base_unit_visual,,
드시다,1B,9,20,vocabulary_book,22,드시다,confirmed_base_unit_visual,,
계속,1B,9,20,vocabulary_book,22,계속,confirmed_base_unit_visual,,
넣다,1B,9,20,vocabulary_book,22,넣다,confirmed_base_unit_visual,,
이제,1B,9,20,vocabulary_book,22,이제,confirmed_base_unit_visual,,
건강하다,1B,10,21,vocabulary_book,23,건강하다,confirmed_base_unit_visual,,
생활,1B,10,21,vocabulary_book,23,생활,confirmed_base_unit_visual,,
늘,1B,10,21,vocabulary_book,23,늘,confirmed_base_unit_visual,,
웃다,1B,10,21,vocabulary_book,23,웃다,confirmed_base_unit_visual,,
지키다,1B,10,21,vocabulary_book,23,지키다,confirmed_base_unit_visual,,
가끔,1B,10,21,vocabulary_book,23,가끔,confirmed_base_unit_visual,,
퇴근,1B,10,21,vocabulary_book,23,퇴근,confirmed_base_unit_visual,,
요가,1B,10,21,vocabulary_book,23,요가,confirmed_base_unit_visual,,
대학교,1B,10,21,vocabulary_book,23,대학교,confirmed_base_unit_visual,,
졸업하다,1B,10,21,vocabulary_book,23,졸업하다,confirmed_base_unit_visual,,
팝콘,1B,10,21,vocabulary_book,23,팝콘,confirmed_base_unit_visual,,
해외여행,1B,10,21,vocabulary_book,23,해외여행,confirmed_base_unit_visual,,
초대하다,1B,10,21,vocabulary_book,23,초대하다,confirmed_base_unit_visual,,
샐러드,1B,10,21,vocabulary_book,23,샐러드,confirmed_base_unit_visual,,
제일,1B,10,21,vocabulary_book,23,제일,confirmed_base_unit_visual,,
습관,1B,10,21,vocabulary_book,23,습관,confirmed_base_unit_visual,,
모임,1B,11,22,vocabulary_book,24,모임,confirmed_base_unit_visual,,
정하다,1B,11,22,vocabulary_book,24,정하다,confirmed_base_unit_visual,,
예약하다,1B,11,22,vocabulary_book,24,예약하다,confirmed_base_unit_visual,,
연락,1B,11,22,vocabulary_book,24,연락,confirmed_base_unit_visual,,
스키,1B,11,22,vocabulary_book,24,스키,confirmed_base_unit_visual,,
전화,1B,11,22,vocabulary_book,24,전화,confirmed_base_unit_visual,,
다치다,1B,11,22,vocabulary_book,24,다치다,confirmed_base_unit_visual,,
모이다,1B,11,22,vocabulary_book,24,모이다,confirmed_base_unit_visual,,
결혼,1B,11,22,vocabulary_book,24,결혼,confirmed_base_unit_visual,,
축하,1B,11,22,vocabulary_book,24,축하,confirmed_base_unit_visual,,
초대장,1B,11,22,vocabulary_book,24,초대장,confirmed_base_unit_visual,,
함께,1B,11,22,vocabulary_book,24,함께,confirmed_base_unit_visual,,
부르다,1B,11,22,vocabulary_book,24,부르다,confirmed_base_unit_visual,,
춤,1B,11,22,vocabulary_book,24,춤,confirmed_base_unit_visual,,already introduced in Sejong 1A
매주,1B,11,22,vocabulary_book,24,매주,confirmed_base_unit_visual,,
소강당,1B,11,22,vocabulary_book,24,소강당,confirmed_base_unit_visual,,
문의,1B,11,22,vocabulary_book,24,문의,confirmed_base_unit_visual,,
졸업식,1B,12,23,vocabulary_book,25,졸업식,confirmed_base_unit_visual,,
어버이날,1B,12,23,vocabulary_book,25,어버이날,confirmed_base_unit_visual,,
어린이날,1B,12,23,vocabulary_book,25,어린이날,confirmed_base_unit_visual,,
명절,1B,12,23,vocabulary_book,25,명절,confirmed_base_unit_visual,,
최근,1B,12,23,vocabulary_book,25,최근,confirmed_base_unit_visual,,
지갑,1B,12,23,vocabulary_book,25,지갑,confirmed_base_unit_visual,,
게임기,1B,12,23,vocabulary_book,25,게임기,confirmed_base_unit_visual,,
보내다,1B,12,23,vocabulary_book,25,보내다,confirmed_base_unit_visual,,already introduced in Sejong 1A
누나,1B,12,23,vocabulary_book,25,누나,confirmed_base_unit_visual,,already introduced in Sejong 1A
편지,1B,12,23,vocabulary_book,25,편지,confirmed_base_unit_visual,,
카드,1B,12,23,vocabulary_book,25,카드,confirmed_base_unit_visual,,
메시지,1B,12,23,vocabulary_book,25,메시지,confirmed_base_unit_visual,,already introduced in Sejong 1A
인형,1B,12,23,vocabulary_book,25,인형,confirmed_base_unit_visual,,
졸업,1B,12,23,vocabulary_book,25,졸업,confirmed_base_unit_visual,,
생각,1B,12,23,vocabulary_book,25,생각,confirmed_base_unit_visual,,
오래되다,1B,12,23,vocabulary_book,25,오래되다,confirmed_base_unit_visual,,
고등학교,1B,12,23,vocabulary_book,25,고등학교,confirmed_base_unit_visual,,
입학식,1B,12,23,vocabulary_book,25,입학식,confirmed_base_unit_visual,,
표,1B,12,23,vocabulary_book,25,표,confirmed_base_unit_visual,,
그릇,1B,12,23,vocabulary_book,25,그릇,confirmed_base_unit_visual,,
처음,1B,12,23,vocabulary_book,25,처음,confirmed_base_unit_visual,,
청바지,1B,1,7,extra_activities,9,청바지,,confirmed_extra_footer,explicitly marked 새 어휘
입다,1B,1,7,extra_activities,9,입다,,confirmed_extra_footer,explicitly marked 새 어휘
그림,1B,1,7,extra_activities,9,그림,,confirmed_extra_footer,explicitly marked 새 어휘; already introduced in Sejong 1A
그리다,1B,1,7,extra_activities,9,그리다,,confirmed_extra_footer,explicitly marked 새 어휘
머리,1B,1,7,extra_activities,9,머리,,confirmed_extra_footer,explicitly marked 새 어휘
아프다,1B,1,7,extra_activities,9,아프다,,confirmed_extra_footer,explicitly marked 새 어휘
제일,1B,1,8,extra_activities,10,제일,,confirmed_extra_footer,explicitly marked 새 어휘
야구,1B,1,8,extra_activities,10,야구,,confirmed_extra_footer,explicitly marked 새 어휘
달리기,1B,1,8,extra_activities,10,달리기,,confirmed_extra_footer,explicitly marked 새 어휘
요가,1B,1,8,extra_activities,10,요가,,confirmed_extra_footer,explicitly marked 새 어휘
국,1B,1,9,extra_activities,11,국,,confirmed_extra_footer,explicitly marked 새 어휘
반찬,1B,1,9,extra_activities,11,반찬,,confirmed_extra_footer,explicitly marked 새 어휘
함께,1B,1,9,extra_activities,11,함께,,confirmed_extra_footer,explicitly marked 새 어휘
숟가락,1B,1,9,extra_activities,11,숟가락,,confirmed_extra_footer,explicitly marked 새 어휘
젓가락,1B,1,9,extra_activities,11,젓가락,,confirmed_extra_footer,explicitly marked 새 어휘
사용하다,1B,1,9,extra_activities,11,사용하다,,confirmed_extra_footer,explicitly marked 새 어휘
놓다,1B,1,9,extra_activities,11,놓다,,confirmed_extra_footer,explicitly marked 새 어휘
새,1B,2,11,extra_activities,13,새,,confirmed_extra_footer,explicitly marked 새 어휘
PC방,1B,2,12,extra_activities,14,PC방,,confirmed_extra_footer,explicitly marked 새 어휘; already introduced in Sejong 1A
매주,1B,2,13,extra_activities,15,매주,,confirmed_extra_footer,explicitly marked 새 어휘
배,1B,3,15,extra_activities,17,배,,confirmed_extra_footer,explicitly marked 새 어휘
반팔,1B,3,16,extra_activities,18,반팔,,confirmed_extra_footer,explicitly marked 새 어휘
첫,1B,3,17,extra_activities,19,첫,,confirmed_extra_footer,explicitly marked 새 어휘
월급,1B,3,17,extra_activities,19,월급,,confirmed_extra_footer,explicitly marked 새 어휘
가족,1B,3,17,extra_activities,19,가족,,confirmed_extra_footer,explicitly marked 새 어휘
산,1B,4,18,extra_activities,20,산,,confirmed_extra_footer,explicitly marked 새 어휘
자동차,1B,4,18,extra_activities,20,자동차,,confirmed_extra_footer,explicitly marked 새 어휘
건물,1B,4,18,extra_activities,20,건물,,confirmed_extra_footer,explicitly marked 새 어휘
스키장,1B,4,19,extra_activities,21,스키장,,confirmed_extra_footer,explicitly marked 새 어휘
눈사람,1B,4,19,extra_activities,21,눈사람,,confirmed_extra_footer,explicitly marked 새 어휘
그러면,1B,4,19,extra_activities,21,그러면,,confirmed_extra_footer,explicitly marked 새 어휘
전통,1B,4,21,extra_activities,23,전통,,confirmed_extra_footer,explicitly marked 새 어휘
시장,1B,4,21,extra_activities,23,시장,,confirmed_extra_footer,explicitly marked 새 어휘
항상,1B,4,21,extra_activities,23,항상,,confirmed_extra_footer,explicitly marked 새 어휘
축구장,1B,5,23,extra_activities,25,축구장,,confirmed_extra_footer,explicitly marked 새 어휘
실례,1B,5,24,extra_activities,26,실례,,confirmed_extra_footer,explicitly marked 새 어휘
경복궁,1B,5,24,extra_activities,26,경복궁,,confirmed_extra_footer,explicitly marked 새 어휘
감사하다,1B,5,24,extra_activities,26,감사하다,,confirmed_extra_footer,explicitly marked 새 어휘
정도,1B,5,24,extra_activities,26,정도,,confirmed_extra_footer,explicitly marked 새 어휘
지하철역,1B,5,24,extra_activities,26,지하철역,,confirmed_extra_footer,explicitly marked 새 어휘
한식당,1B,5,25,extra_activities,27,한식당,,confirmed_extra_footer,explicitly marked 새 어휘
꼭,1B,5,25,extra_activities,27,꼭,,confirmed_extra_footer,explicitly marked 새 어휘
작년,1B,6,29,extra_activities,31,작년,,confirmed_extra_footer,explicitly marked 새 어휘
반,1B,6,29,extra_activities,31,반,,confirmed_extra_footer,explicitly marked 새 어휘; already introduced in Sejong 1A
오래,1B,6,29,extra_activities,31,오래,,confirmed_extra_footer,explicitly marked 새 어휘
힘들다,1B,6,29,extra_activities,31,힘들다,,confirmed_extra_footer,explicitly marked 새 어휘
다음,1B,7,32,extra_activities,34,다음,,confirmed_extra_footer,explicitly marked 새 어휘; already introduced in Sejong 1A
왜,1B,7,32,extra_activities,34,왜,,confirmed_extra_footer,explicitly marked 새 어휘
남산,1B,7,32,extra_activities,34,남산,,confirmed_extra_footer,explicitly marked 새 어휘
때,1B,7,32,extra_activities,34,때,,confirmed_extra_footer,explicitly marked 새 어휘
처음,1B,7,33,extra_activities,35,처음,,confirmed_extra_footer,explicitly marked 새 어휘
장갑,1B,7,33,extra_activities,35,장갑,,confirmed_extra_footer,explicitly marked 새 어휘
신촌,1B,8,34,extra_activities,36,신촌,,confirmed_extra_footer,explicitly marked 새 어휘
샌드위치,1B,8,35,extra_activities,37,샌드위치,,confirmed_extra_footer,explicitly marked 새 어휘
음,1B,8,36,extra_activities,38,음,,confirmed_extra_footer,explicitly marked 새 어휘
계속,1B,8,37,extra_activities,39,계속,,confirmed_extra_footer,explicitly marked 새 어휘
심심하다,1B,8,37,extra_activities,39,심심하다,,confirmed_extra_footer,explicitly marked 새 어휘
재미,1B,8,37,extra_activities,39,재미,,confirmed_extra_footer,explicitly marked 새 어휘
올해,1B,8,37,extra_activities,39,올해,,confirmed_extra_footer,explicitly marked 새 어휘
갈비탕,1B,9,39,extra_activities,41,갈비탕,,confirmed_extra_footer,explicitly marked 새 어휘
잘하다,1B,9,39,extra_activities,41,잘하다,,confirmed_extra_footer,explicitly marked 새 어휘
못하다,1B,9,40,extra_activities,42,못하다,,confirmed_extra_footer,explicitly marked 새 어휘
살다,1B,9,41,extra_activities,43,살다,,confirmed_extra_footer,explicitly marked 새 어휘
무서워하다,1B,9,41,extra_activities,43,무서워하다,,confirmed_extra_footer,explicitly marked 새 어휘
주사,1B,9,41,extra_activities,43,주사,,confirmed_extra_footer,explicitly marked 새 어휘
맞다,1B,9,41,extra_activities,43,맞다,,confirmed_extra_footer,explicitly marked 새 어휘; already introduced in Sejong 1A
달다,1B,10,43,extra_activities,45,달다,,confirmed_extra_footer,explicitly marked 새 어휘
화장,1B,10,43,extra_activities,45,화장,,confirmed_extra_footer,explicitly marked 새 어휘
끄다,1B,10,43,extra_activities,45,끄다,,confirmed_extra_footer,explicitly marked 새 어휘
걷기,1B,10,44,extra_activities,46,걷기,,confirmed_extra_footer,explicitly marked 새 어휘
조깅,1B,10,44,extra_activities,46,조깅,,confirmed_extra_footer,explicitly marked 새 어휘
종일,1B,10,45,extra_activities,47,종일,,confirmed_extra_footer,explicitly marked 새 어휘
피곤하다,1B,10,45,extra_activities,47,피곤하다,,confirmed_extra_footer,explicitly marked 새 어휘
바꾸다,1B,10,45,extra_activities,47,바꾸다,,confirmed_extra_footer,explicitly marked 새 어휘
여러분,1B,11,46,extra_activities,48,여러분,,confirmed_extra_footer,explicitly marked 새 어휘; already introduced in Sejong 1A
되다,1B,11,48,extra_activities,50,되다,,confirmed_extra_footer,explicitly marked 새 어휘
시험,1B,11,48,extra_activities,50,시험,,confirmed_extra_footer,explicitly marked 새 어휘
생각,1B,11,48,extra_activities,50,생각,,confirmed_extra_footer,explicitly marked 새 어휘
지난주,1B,11,49,extra_activities,51,지난주,,confirmed_extra_footer,explicitly marked 새 어휘
그때,1B,12,50,extra_activities,52,그때,,confirmed_extra_footer,explicitly marked 새 어휘
막히다,1B,12,51,extra_activities,53,막히다,,confirmed_extra_footer,explicitly marked 새 어휘
이야기하다,1B,12,51,extra_activities,53,이야기하다,,confirmed_extra_footer,explicitly marked 새 어휘
두껍다,1B,12,51,extra_activities,53,두껍다,,confirmed_extra_footer,explicitly marked 새 어휘
모으다,1B,12,52,extra_activities,54,모으다,,confirmed_extra_footer,explicitly marked 새 어휘
용돈,1B,12,53,extra_activities,55,용돈,,confirmed_extra_footer,explicitly marked 새 어휘
